name,phone,email,shopName,location,leadSource,status,tags,customerCategory,previousEnquiry,notes
"Anitha Sharma","+919720000001","lead1@example.com","Anitha Jewellers","Charminar, Hyderabad","CSV_IMPORT","NEW","retail","RETAILER","Bridal sets","Sample import row"
"Ravi Iyer","+919720000002","lead2@example.com","Ravi Gold House","Begumpet, Hyderabad","CSV_IMPORT","NEW","vip","RETAILER","Bridal sets","Sample import row"
"Suresh Khan","+919720000003","lead3@example.com","Suresh Diamonds","Secunderabad, Hyderabad","CSV_IMPORT","NEW","retail","RETAILER","Bridal sets","Sample import row"
"Lakshmi Naidu","+919720000004","lead4@example.com","Lakshmi Ornaments","Kukatpally, Hyderabad","CSV_IMPORT","NEW","vip","RETAILER","Bridal sets","Sample import row"
"Meena Patel","+919720000005","lead5@example.com","Meena Silver Works","Madhapur, Hyderabad","CSV_IMPORT","NEW","retail","RETAILER","Bridal sets","Sample import row"
"Imran Gupta","+919720000006","lead6@example.com","Imran Gem Palace","Banjara Hills, Hyderabad","CSV_IMPORT","NEW","vip","RETAILER","Bridal sets","Sample import row"
"Fatima Rao","+919720000007","lead7@example.com","Fatima Bullion","Ameerpet, Hyderabad","CSV_IMPORT","NEW","retail","RETAILER","Bridal sets","Sample import row"
"Joseph Das","+919720000008","lead8@example.com","Joseph Gold & Co","LB Nagar, Hyderabad","CSV_IMPORT","NEW","vip","RETAILER","Bridal sets","Sample import row"
"Priya Singh","+919720000009","lead9@example.com","Priya Heritage Jewels","Uppal, Hyderabad","CSV_IMPORT","NEW","retail","RETAILER","Bridal sets","Sample import row"
"Arjun Jain","+919720000010","lead10@example.com","Arjun Jewels","Gachibowli, Hyderabad","CSV_IMPORT","NEW","vip","RETAILER","Bridal sets","Sample import row"
"Divya Menon","+919720000011","lead11@example.com","Divya Jewellers","Himayatnagar, Hyderabad","CSV_IMPORT","NEW","retail","RETAILER","Bridal sets","Sample import row"
"Karthik Shetty","+919720000012","lead12@example.com","Karthik Gold House","Malakpet, Hyderabad","CSV_IMPORT","NEW","vip","RETAILER","Bridal sets","Sample import row"
"Sneha Banerjee","+919720000013","lead13@example.com","Sneha Diamonds","Tolichowki, Hyderabad","CSV_IMPORT","NEW","retail","RETAILER","Bridal sets","Sample import row"
"Venkat Chopra","+919720000014","lead14@example.com","Venkat Ornaments","Mehdipatnam, Hyderabad","CSV_IMPORT","NEW","vip","RETAILER","Bridal sets","Sample import row"
"Ayesha Verma","+919720000015","lead15@example.com","Ayesha Silver Works","Abids, Hyderabad","CSV_IMPORT","NEW","retail","RETAILER","Bridal sets","Sample import row"
"Rohit Nair","+919720000016","lead16@example.com","Rohit Gem Palace","Charminar, Hyderabad","CSV_IMPORT","NEW","vip","RETAILER","Bridal sets","Sample import row"
"Pooja Kapoor","+919720000017","lead17@example.com","Pooja Bullion","Begumpet, Hyderabad","CSV_IMPORT","NEW","retail","RETAILER","Bridal sets","Sample import row"
"Naveen Joshi","+919720000018","lead18@example.com","Naveen Gold & Co","Secunderabad, Hyderabad","CSV_IMPORT","NEW","vip","RETAILER","Bridal sets","Sample import row"
"Deepa Malhotra","+919720000019","lead19@example.com","Deepa Heritage Jewels","Kukatpally, Hyderabad","CSV_IMPORT","NEW","retail","RETAILER","Bridal sets","Sample import row"
"Sanjay Reddy","+919720000020","lead20@example.com","Sanjay Jewels","Madhapur, Hyderabad","CSV_IMPORT","NEW","vip","RETAILER","Bridal sets","Sample import row"
"Kavita Sharma","+919720000021","lead21@example.com","Kavita Jewellers","Banjara Hills, Hyderabad","CSV_IMPORT","NEW","retail","RETAILER","Bridal sets","Sample import row"
"Harish Iyer","+919720000022","lead22@example.com","Harish Gold House","Ameerpet, Hyderabad","CSV_IMPORT","NEW","vip","RETAILER","Bridal sets","Sample import row"
"Nalini Khan","+919720000023","lead23@example.com","Nalini Diamonds","LB Nagar, Hyderabad","CSV_IMPORT","NEW","retail","RETAILER","Bridal sets","Sample import row"
"Farhan Naidu","+919720000024","lead24@example.com","Farhan Ornaments","Uppal, Hyderabad","CSV_IMPORT","NEW","vip","RETAILER","Bridal sets","Sample import row"
"Zoya Patel","+919720000025","lead25@example.com","Zoya Silver Works","Gachibowli, Hyderabad","CSV_IMPORT","NEW","retail","RETAILER","Bridal sets","Sample import row"
"Thomas Gupta","+919720000026","lead26@example.com","Thomas Gem Palace","Himayatnagar, Hyderabad","CSV_IMPORT","NEW","vip","RETAILER","Bridal sets","Sample import row"
"Rekha Rao","+919720000027","lead27@example.com","Rekha Bullion","Malakpet, Hyderabad","CSV_IMPORT","NEW","retail","RETAILER","Bridal sets","Sample import row"
"Vikram Das","+919720000028","lead28@example.com","Vikram Gold & Co","Tolichowki, Hyderabad","CSV_IMPORT","NEW","vip","RETAILER","Bridal sets","Sample import row"
"Shalini Singh","+919720000029","lead29@example.com","Shalini Heritage Jewels","Mehdipatnam, Hyderabad","CSV_IMPORT","NEW","retail","RETAILER","Bridal sets","Sample import row"
"Kumar Jain","+919720000030","lead30@example.com","Kumar Jewels","Abids, Hyderabad","CSV_IMPORT","NEW","vip","RETAILER","Bridal sets","Sample import row"
